{"cameraMode":{"drawMode":0,"name":"Shaded","section":"Shading Mode"},"sceneLighting":true,"audioPlay":false,"sceneViewState":{"m_AlwaysRefresh":false,"showFog":true,"showSkybox":true,"showFlares":true,"showImageEffects":true,"showParticleSystems":true,"showVisualEffectGraphs":true,"m_FxEnabled":true},"in2DMode":false,"pivot":{"x":-4.086050033569336,"y":5.086294174194336,"z":83.66156005859375},"rotation":{"x":-0.046719539910554889,"y":0.4187554121017456,"z":-0.021176258102059366,"w":-0.9068077206611633},"size":12.229500770568848,"orthographic":false}