{"cameraMode":{"drawMode":0,"name":"Shaded","section":"Shading Mode"},"sceneLighting":false,"audioPlay":false,"sceneViewState":{"m_AlwaysRefresh":false,"showFog":true,"showSkybox":false,"showFlares":true,"showImageEffects":true,"showParticleSystems":true,"showVisualEffectGraphs":true,"m_FxEnabled":true},"in2DMode":false,"pivot":{"x":0.00877082347869873,"y":0.4034550189971924,"z":2.7100000381469728},"rotation":{"x":-0.10848374664783478,"y":-0.21388213336467744,"z":0.02389356680214405,"w":-0.9705544710159302},"size":1.379567265510559,"orthographic":false}