{"cameraMode":{"drawMode":0,"name":"Shaded","section":"Shading Mode"},"sceneLighting":true,"audioPlay":false,"sceneViewState":{"m_AlwaysRefresh":false,"showFog":true,"showSkybox":true,"showFlares":true,"showImageEffects":true,"showParticleSystems":true,"showVisualEffectGraphs":true,"m_FxEnabled":true},"in2DMode":false,"pivot":{"x":12.341827392578125,"y":3.1650302410125734,"z":114.82686614990235},"rotation":{"x":0.23907147347927094,"y":-0.21631179749965669,"z":0.05504486709833145,"w":0.9452388286590576},"size":0.8827061057090759,"orthographic":false}