{"cameraMode":{"drawMode":0,"name":"Shaded","section":"Shading Mode"},"sceneLighting":true,"audioPlay":false,"sceneViewState":{"m_AlwaysRefresh":false,"showFog":true,"showSkybox":true,"showFlares":true,"showImageEffects":true,"showParticleSystems":true,"showVisualEffectGraphs":true,"m_FxEnabled":true},"in2DMode":false,"pivot":{"x":-2.5307140350341799,"y":-42.560279846191409,"z":211.65939331054688},"rotation":{"x":0.2269097864627838,"y":-0.08543838560581207,"z":0.020203249529004098,"w":0.9700700640678406},"size":62.01833724975586,"orthographic":false}