{"cameraMode":{"drawMode":0,"name":"Shaded","section":"Shading Mode"},"sceneLighting":true,"audioPlay":false,"sceneViewState":{"m_AlwaysRefresh":false,"showFog":true,"showSkybox":true,"showFlares":true,"showImageEffects":true,"showParticleSystems":true,"showVisualEffectGraphs":true,"m_FxEnabled":true},"in2DMode":false,"pivot":{"x":-43.853084564208987,"y":-220.00115966796876,"z":288.07757568359377},"rotation":{"x":0.4206618070602417,"y":-0.14005698263645173,"z":0.06588374078273773,"w":0.8940039873123169},"size":146.55335998535157,"orthographic":false}