{"cameraMode":{"drawMode":0,"name":"Shaded","section":"Shading Mode"},"sceneLighting":false,"audioPlay":false,"sceneViewState":{"m_AlwaysRefresh":false,"showFog":false,"showSkybox":false,"showFlares":false,"showImageEffects":false,"showParticleSystems":false,"showVisualEffectGraphs":true,"m_FxEnabled":true},"in2DMode":false,"pivot":{"x":0.03907310962677002,"y":0.8947888612747192,"z":0.20241105556488038},"rotation":{"x":-0.020144661888480188,"y":0.7680213451385498,"z":0.02421344816684723,"w":0.6397058963775635},"size":1.112830400466919,"orthographic":false}