{"cameraMode":{"drawMode":0,"name":"Shaded","section":"Shading Mode"},"sceneLighting":false,"audioPlay":false,"sceneViewState":{"m_AlwaysRefresh":false,"showFog":true,"showSkybox":false,"showFlares":true,"showImageEffects":true,"showParticleSystems":true,"showVisualEffectGraphs":true,"m_FxEnabled":true},"in2DMode":false,"pivot":{"x":9.923410415649414,"y":2.790235996246338,"z":119.27559661865235},"rotation":{"x":-0.32182949781417849,"y":0.4284173846244812,"z":-0.16657452285289765,"w":-0.8277711868286133},"size":0.27940306067466738,"orthographic":false}