{"cameraMode":{"drawMode":0,"name":"Shaded","section":"Shading Mode"},"sceneLighting":false,"audioPlay":false,"sceneViewState":{"m_AlwaysRefresh":false,"showFog":true,"showSkybox":false,"showFlares":true,"showImageEffects":true,"showParticleSystems":true,"showVisualEffectGraphs":true,"m_FxEnabled":true},"in2DMode":false,"pivot":{"x":1.1920928955078126e-7,"y":0.8627933263778687,"z":-0.053220123052597049},"rotation":{"x":0.00435089785605669,"y":-0.9938313364982605,"z":0.04206309840083122,"w":0.10290922224521637},"size":1.4404966831207276,"orthographic":false}