{"cameraMode":{"drawMode":0,"name":"Shaded","section":"Shading Mode"},"sceneLighting":false,"audioPlay":false,"sceneViewState":{"m_AlwaysRefresh":false,"showFog":false,"showSkybox":false,"showFlares":false,"showImageEffects":false,"showParticleSystems":false,"showVisualEffectGraphs":true,"m_FxEnabled":true},"in2DMode":false,"pivot":{"x":0.11430555582046509,"y":0.7895238399505615,"z":0.09097075462341309},"rotation":{"x":-0.06416463106870651,"y":0.01041115541011095,"z":0.000979842385277152,"w":0.9981101751327515},"size":1.3570406436920167,"orthographic":false}