{"cameraMode":{"drawMode":0,"name":"Shaded","section":"Shading Mode"},"sceneLighting":false,"audioPlay":false,"sceneViewState":{"m_AlwaysRefresh":false,"showFog":true,"showSkybox":false,"showFlares":true,"showImageEffects":true,"showParticleSystems":true,"showVisualEffectGraphs":true,"m_FxEnabled":true},"in2DMode":false,"pivot":{"x":13.812990188598633,"y":5.0072150230407719,"z":118.79251098632813},"rotation":{"x":-0.048745542764663699,"y":0.8930714726448059,"z":-0.09981554746627808,"w":-0.436034619808197},"size":3.0116162300109865,"orthographic":false}